<?xml version="1.0" encoding="UTF-8"?>
<beans xmlns="http://www.springframework.org/schema/beans"
	xmlns:xsi="http://www.w3.org/2001/XMLSchema-instance" 
	xmlns:aop="http://www.springframework.org/schema/aop"
	xsi:schemaLocation="http://www.springframework.org/schema/beans 
	http://www.springframework.org/schema/beans/spring-beans-3.0.xsd">
 	<bean id="emp" class="com.cg.lab1.Employee">
	<property name="employeeId" value="12345"></property>
	<property name="employeeName" value="Harriet"></property>
	<property name="salary" value="40000.0"></property>
	<property name="businessUnit" value="PES-BU"></property>
	<property name="age" value="30"></property>
	</bean> 
	
	<bean id="emp1" class="com.cg.lab1b.Employee">
	<property name="empAge" value="40"></property>
	<property name="empId" value="101"></property>
	<property name="empName" value="Hari"></property>
	<property name="salary" value="4000.0"></property>
	<property name="sbu" ref="sbu"></property>
	</bean>
	
	<bean id="sbu" class="com.cg.lab1b.SBU">
	<property name="sbuCode" value="PES-BU"></property>
	<property name="sbuHead" value="Kiran Rao"></property>
	<property name="sbuName" value="PRoduct Engineering Services"></property>
	
	</bean>
	<bean id="emp2" class="com.cg.lab1c.Employee">
	<property name="employeeId" value="12345"></property>
	<property name="employeeName" value="Harriet"></property>
	<property name="salary" value="40000.0"></property>
	
	</bean>
	
	<bean id="emp3" class="com.cg.lab1c.Employee">
	<property name="employeeId" value="123"></property>
	<property name="employeeName" value="Harriet"></property>
	<property name="salary" value="4500.0"></property>
	
	</bean>
	
	<bean id="sbu1" class="com.cg.lab1c.SBU">
	<property name="sbuCode" value="PES-BU"></property>
	<property name="sbuHead" value="Kiran Rao"></property>
	<property name="sbuName" value="Product Engineering Services"></property>
	<property name="empList">
		<list>
			<ref bean="emp2"></ref>
		<ref bean="emp3"></ref>
	</list>
	</property>
	</bean>
</beans>